Date,Sector,Province,Project Number,Name,Amount
2023-04-21T00:00:00Z,UNSPECIFIED,NC,M52306,M52306-Progressive Arts Network,232473.0
2023-04-21T00:00:00Z,UNSPECIFIED,NC,M48984,M48984-Amathemba Health & Welfare Society,419960.0
2023-04-21T00:00:00Z,UNSPECIFIED,NC,M52908,M52908-Guardian Angel Nursery School,296000.0
2023-04-21T00:00:00Z,UNSPECIFIED,WC,M50829,M50829-The Craft and Design Institute,611620.0
2023-04-21T00:00:00Z,UNSPECIFIED,WC,M48366,M48366-Operation Blessing Foundation,328000.0
2023-04-21T00:00:00Z,UNSPECIFIED,WC,M50683,M50683-Black Sash Trust,647400.0
2023-04-21T00:00:00Z,UNSPECIFIED,WC,M51443,M51443-Khulani Educare Centre,494018.0
2023-04-21T00:00:00Z,UNSPECIFIED,NW,M39800,M39800-Mafikeng SPCA,100000.0
2023-04-21T00:00:00Z,UNSPECIFIED,NW,M46882,M46882-Zenzele Service Club,292200.0
2023-04-21T00:00:00Z,UNSPECIFIED,WC,M53608,M53608- South Western District Cricket,550000.0
2023-04-21T00:00:00Z,UNSPECIFIED,FS,M53258,M53258-Info Age Creations,375822.0
2023-04-21T00:00:00Z,UNSPECIFIED,FS,M47901,M47901-Major 1 Films,251500.0
2023-04-21T00:00:00Z,UNSPECIFIED,FS,M54007,M54007-Sedilatsebo Woman & Youth Development,269000.0
2023-04-21T00:00:00Z,UNSPECIFIED,FS,M53760,M53760-Tsoseletso Ya Sechaba,354604.0
2023-04-21T00:00:00Z,UNSPECIFIED,FS,M53833,M53833-Thabong Chorus Choir,322650.0
2023-04-21T00:00:00Z,UNSPECIFIED,FS,M47803,M47803-Ipopeng Day Care Centre,270000.0
2023-04-21T00:00:00Z,UNSPECIFIED,FS,M47304,M47304-Tsoha Obe Matla,349841.0
2023-04-21T00:00:00Z,UNSPECIFIED,FS,M47687,M47687-Free State Wombman and Theatre,939900.0
2023-04-21T00:00:00Z,UNSPECIFIED,FS,M48503,M48503-Mamello Community Creche,381025.0
2023-04-21T00:00:00Z,UNSPECIFIED,FS,M53836,M53836-Lengau Choral Music Association,338000.0
2023-04-21T00:00:00Z,UNSPECIFIED,FS,M52247,M52247-Thotagauta Secondary School,63000.0
2023-04-21T00:00:00Z,UNSPECIFIED,FS,M48017,M48017-Nkgopoleng Educare center,324499.0
2023-04-21T00:00:00Z,UNSPECIFIED,GP,M52097,M52097-Imfundiso Skills Development NPC,538000.0
2023-04-21T00:00:00Z,UNSPECIFIED,GP,M35516,M35516-Union Day Care Centre,100000.0
2023-04-21T00:00:00Z,UNSPECIFIED,MP,M49591,M49591-Umsebe Primary school,65000.0
2023-04-21T00:00:00Z,UNSPECIFIED,MP,M47632,M47632-Basani DIC,421900.0
2023-04-21T00:00:00Z,UNSPECIFIED,MP,M51230,M51230-CMR White River,346000.0
2023-04-21T00:00:00Z,UNSPECIFIED,MP,M50362,M50362-Dr Thulani Ngwenya Foundation,65000.0
2023-04-21T00:00:00Z,UNSPECIFIED,MP,M48745,M48745-Nelspruit Hospice,1465766.0
2023-04-21T00:00:00Z,UNSPECIFIED,MP,M47686,M47686-Green Pastures Day acre centre & Pre school,300000.0
2023-04-21T00:00:00Z,UNSPECIFIED,MP,M47779,M47779-Nhluvuko HBC & DIC,583000.0
2023-04-21T00:00:00Z,UNSPECIFIED,NC,M51882,M51882-Tsaelengwe Pre-School NPO,277500.0
2023-04-21T00:00:00Z,UNSPECIFIED,WC,M48083,M48083-BellValley HIV Initiative,269000.0
2023-04-21T00:00:00Z,UNSPECIFIED,NW,M48382,M48382-Olerato Creche,749600.0
2023-04-21T00:00:00Z,UNSPECIFIED,FS,M53875,M53875-Sachotlh Community Projects,293000.0
2023-04-21T00:00:00Z,UNSPECIFIED,FS,M52492,M52492-Mangaung Setshabelo centre,613600.0
2023-04-21T00:00:00Z,UNSPECIFIED,GP,M46984,M46984-Holy Ambassadors of Christ Soup Kitchen,435800.0
2023-04-21T00:00:00Z,UNSPECIFIED,FS,M48389,M48389-Bokamosho Educare Centre,350146.0
2023-04-21T00:00:00Z,UNSPECIFIED,GP,M47056,M47056-Mosawathuto Centre for People Living with Disabilities,506000.0
2023-04-21T00:00:00Z,UNSPECIFIED,EC,M54559,M54559-Improve Gender Act and Discrimination of Children Initiative,352200.0
2023-04-21T00:00:00Z,UNSPECIFIED,GP,M47692,M47692-Luthando Arts Academy,293000.0
2023-04-21T00:00:00Z,UNSPECIFIED,GP,M34325,M34325-Glowing Angels Day Care,100000.0
2023-04-21T00:00:00Z,UNSPECIFIED,FS,M48011,M48011-Pride Future Day Care,239000.0
2023-04-21T00:00:00Z,UNSPECIFIED,GP,M47360,M47360-Vaal Mental Health,935000.0
2023-04-21T00:00:00Z,UNSPECIFIED,EC,M47317,M47317-Sibangweni pre-school,412999.0
2023-04-21T00:00:00Z,UNSPECIFIED,EC,M47342,M47342-Nkululeko day care centre,413999.0
2023-04-21T00:00:00Z,UNSPECIFIED,EC,M51306,M51306-Enzokuhle Amakhosikazi,288000.0
2023-04-21T00:00:00Z,UNSPECIFIED,EC,M49271,M49271-Tywaka Childhood Development Centre,82000.0
2023-04-21T00:00:00Z,UNSPECIFIED,EC,M49282,M49282-Mtshazi Day Care Centre,133500.0
2023-04-21T00:00:00Z,UNSPECIFIED,EC,M50009,M50009-Mpilo Yendalo Art and Culture,505000.0
2023-04-21T00:00:00Z,UNSPECIFIED,EC,M52001,M52001-Iphulo Basic Development NPC,379350.0
2023-04-21T00:00:00Z,UNSPECIFIED,EC,M47368,M47368-Mbobela Pre-school,120000.0
2023-04-21T00:00:00Z,UNSPECIFIED,EC,M47337,M47337-Little Angel Day Care & Pre School,402499.0
2023-04-21T00:00:00Z,UNSPECIFIED,EC,M47693,M47693-Port ST Johns Survivor Support Group,371378.0
2023-04-21T00:00:00Z,UNSPECIFIED,EC,M48684,M48684-Ncedolwethu Day Care Centre,200541.0
2023-04-21T00:00:00Z,UNSPECIFIED,EC,M49098,M49098-Mamcakweni Pre-school,59000.0
2023-04-21T00:00:00Z,UNSPECIFIED,EC,M49947,M49947-Masikhule Teba Old Age Centre,452500.0
2023-04-21T00:00:00Z,UNSPECIFIED,GP,M45848,M45848-Thuto Bophelo NPO,638500.0
2023-04-21T00:00:00Z,UNSPECIFIED,GP,M53355,M53355-Matseliso Secondary School,60000.0
2023-04-21T00:00:00Z,UNSPECIFIED,FS,M48199,M48199-Child Welfare Bloemfontein,1416963.0
2023-05-04T00:00:00Z,Arts,NW,M49125,M49125-Bogologolo Tala,162750.0
2023-05-04T00:00:00Z,Charities,MP,M47361,M47361-Rorisanang Creche,258000.0
2023-05-04T00:00:00Z,Charities,MP,M48165,M48165-Icaba Old Age Home Based Care Centre,793300.0
2023-05-04T00:00:00Z,Charities,MP,M51226,M51226-Siyakhula Live Foundation,600000.0
2023-05-04T00:00:00Z,Miscellaneous,MP,M48018,M48018-Powerline Primary School,748715.0
2023-05-04T00:00:00Z,Miscellaneous,NW,M47863,M47863-The Teach.Lead.Mentor Foundation,656481.0
2023-05-04T00:00:00Z,Sports,MP,M51454,M51454-Zwide Primary School,60000.0
2023-05-05T00:00:00Z,Charities,NC,M52909,M52909-Restoration of Hope Ministries,315874.0
2023-05-05T00:00:00Z,Charities,NC,M53948,M53948-Kitso ke Bophelo,407000.0
2023-05-05T00:00:00Z,Charities,NC,M54604,M54604-ACVV Upington,1069267.0
2023-05-05T00:00:00Z,Charities,NC,M53672,M53672-Re A Thusa Soup Kitchen,471284.0
2023-05-05T00:00:00Z,Charities,NC,M53051,M53051-Pniel Soup Kitchen,287367.0
2023-05-05T00:00:00Z,Charities,NC,M53365,M53365-Lefelo Motsatsing NPC,461282.0
2023-05-05T00:00:00Z,Charities,NC,M52730,M52730-Hebreers Pinkster Feeding Scheme,366000.0
2023-05-05T00:00:00Z,Charities,WC,M51621,M51621-Singatha Educare Centre,305541.0
2023-05-05T00:00:00Z,Charities,WC,M50998,M50998-Isibanesethu Enrichment Centre,155800.0
2023-05-05T00:00:00Z,Charities,WC,M48250,M48250-Thuthuzela Educare Centre,241000.0
2023-05-12T00:00:00Z,Arts,EC,M54642,M54642-Sinikithemba Community Development,265800.0
2023-05-12T00:00:00Z,Arts,NW,M48655,M48655-Consrvation Kids,295360.0
2023-05-12T00:00:00Z,Charities,EC,M49272,M49272-Gcobani Day Care Centre,168000.0
2023-05-12T00:00:00Z,Charities,EC,M50972,M50972-CMR East London,677920.0
2023-05-12T00:00:00Z,Charities,EC,M51102,M51102-Bet Sheekoom,1126000.0
2023-05-12T00:00:00Z,Charities,EC,M52032,M52032-Jansenville Victim Support Centre,386933.0
2023-05-12T00:00:00Z,Charities,EC,M54429,M54429-Eluncedweni Multipurpose Service Centre,114000.0
2023-05-12T00:00:00Z,Charities,EC,M55306,M55306-Khula Community Development Project,709700.0
2023-05-12T00:00:00Z,Charities,EC,M49306,M49306-Sicelo DCC,147000.0
2023-05-12T00:00:00Z,Charities,EC,M48317,M48317-Sinoxolo Day Care Centre,283000.0
2023-05-12T00:00:00Z,Charities,EC,M51305,M51305-Christelik Maatskaplike Raad Van Barkley Os,219500.0
2023-05-12T00:00:00Z,Charities,GP,M46729,M46729 -Leseding Day Care Centre,345000.0
2023-05-12T00:00:00Z,Charities,NW,M52401,M52401-Lekgalong Community Centre,268000.0
2023-05-12T00:00:00Z,Charities,NW,M52872,M52872-Temo Lehumo Projects,292000.0
2023-05-12T00:00:00Z,Charities,NW,M51962,M51962-Kopano ECD,850000.0
2023-05-12T00:00:00Z,Charities,NW,M50090,M50090-Thuto Tlhago ELC,409900.0
2023-05-12T00:00:00Z,Sports,EC,M50914,M50914-Carinus Primary School,65000.0
2023-05-22T00:00:00Z,Arts,MP,M51979,M51979-Hill of Hope Foundation,198000.0
2023-05-22T00:00:00Z,Arts,MP,M49934,M49934-Ingwenyama Cultural Group,208000.0
2023-05-22T00:00:00Z,Arts,NC,M52575,M52575-Balwela Ngwao Arts Productions,400000.0
2023-05-22T00:00:00Z,Charities,MP,M54887,M54887-Remmogo Itireleng Victim Empowermrnt Project,945354.0
2023-05-22T00:00:00Z,Charities,MP,M49564,M49564-Naledi Pre School,450000.0
2023-05-22T00:00:00Z,Charities,NC,M52910,M52910-Phenyo Isaka Soup Kitchen,327876.0
2023-05-22T00:00:00Z,Charities,NC,M51540,M51540-Phakama Rural Dev Support Programme,235000.0
2023-05-22T00:00:00Z,Charities,NC,M52648,M52648-Disabled Children's Action Group Northern Cape,1011600.0
2023-05-22T00:00:00Z,Charities,NC,M51281,M51281-Ofentse Community Drop In Centre,314700.0
2023-05-22T00:00:00Z,Charities,NC,M51610,M51610-The Chosen Ones Community Outreach,178000.0
2023-05-22T00:00:00Z,Charities,NC,M53926,M53926-Khoisan Karoo Conservancy,490820.0
2023-05-22T00:00:00Z,Sports,MP,M50156,M50156-Aplos Chiloane Premary school,65000.0
2023-05-22T00:00:00Z,Sports,GP,M56059,M56059-Special Olympics South Africa,5050000.0
2023-05-30T00:00:00Z,Arts,WC,M49160,M49160-Amoyo Performing Arts Foundation,998000.0
2023-05-30T00:00:00Z,Arts,WC,M54469,M54469-Ikamva Labantwana Bethu,598000.0
2023-05-30T00:00:00Z,Arts,EC,M54569,M54569-Thembile Trust Organisation,340500.0
2023-05-30T00:00:00Z,Arts,EC,M47994,M47994-VUMA ARTS AND CULTURE,357200.0
2023-05-30T00:00:00Z,Charities,WC,M48337,M48337-Amandla Community Education Development,143000.0
2023-05-30T00:00:00Z,Charities,WC,M51618,M51618-Zanolwazi Educare Centre,252350.0
2023-05-30T00:00:00Z,Charities,WC,M46626,M46626-Hospice Palliative Care Association,592000.0
2023-05-30T00:00:00Z,Charities,WC,M50114,M50114-Qhamani Educare Centre,914484.0
2023-05-30T00:00:00Z,Charities,EC,M49302,M49302-Noncedo Day Care Centre,115000.0
2023-05-30T00:00:00Z,Charities,GP,M33074,M33074-Mofolo Home Based Care,269602.0
2023-05-30T00:00:00Z,Charities,EC,M46728,M46728-Nkanyezi Child Learning Centre,353990.0
2023-05-30T00:00:00Z,Charities,EC,M53211,M53211-Nyandeni Victim Empowerment,128160.0
2023-05-30T00:00:00Z,Charities,EC,M48890,M48890-Likuwe Early Learning Centre,349000.0
2023-05-30T00:00:00Z,Charities,EC,M51085,M51085-Just Goodwill 1921 Organisation,170500.0
2023-05-30T00:00:00Z,Charities,EC,M55304,M55304-Giving Hearts Foundation,290000.0
2023-05-30T00:00:00Z,Charities,EC,M49277,M49277-Nonkanyo Day Care Centre,43500.0
2023-05-30T00:00:00Z,Charities,EC,M34232,M34232-Better Life Pre-School,100000.0
2023-05-30T00:00:00Z,Miscellaneous,EC,M52020,M52020-Northern Areas Heritage Research and Interpretative Centre,483000.0
2023-05-30T00:00:00Z,Miscellaneous,WC,M51253,M51253-Lelethu Ikamva Education Training,443500.0
2023-05-30T00:00:00Z,Sports,WC,M56079,M56079-Surfing South Africa,1040000.0
2023-05-30T00:00:00Z,Sports,EC,M49965,M49965-Makukhanye Mdantsane HIV/AIDS Community Based Centre,1229221.0
2023-05-30T00:00:00Z,Sports,EC,M54786,M54786-Nxukhwebe Higher Primary School,60000.0
2023-05-30T00:00:00Z,Sports,EC,M54857,M54857-Isikhona SPS,60000.0
2023-06-05T00:00:00Z,UNSPECIFIED,GP,M34943,M34943-Ebenezer education centre,100000.0
2023-06-05T00:00:00Z,UNSPECIFIED,EC,M51105,M51105-Engcobo men as partners,127000.0
2023-06-05T00:00:00Z,UNSPECIFIED,EC,M54640,M54640-lavuka ithemba women and childrean support center,220800.0
2023-06-05T00:00:00Z,UNSPECIFIED,GP,M45667,M45667-Thuso skills development and training centre,197500.0
2023-06-05T00:00:00Z,UNSPECIFIED,EC,M55186,M55186-Kungentando kayehova food garden project,246750.0
2023-06-05T00:00:00Z,UNSPECIFIED,EC,M48912,M48912-Isiqalo Sobom Day Care Centre,41516.0
2023-06-05T00:00:00Z,UNSPECIFIED,GP,M56077,M56077-South African National Boxing Organisation,4675000.0
2023-06-05T00:00:00Z,UNSPECIFIED,EC,M52332,M52332-Phakamani Elderly Age Group,112619.0
2023-06-05T00:00:00Z,UNSPECIFIED,EC,M55019,M55019-Siviwe Buso Primary School,60000.0
2023-06-05T00:00:00Z,UNSPECIFIED,EC,M52784,M52784-Siyaphila Community Home Based Care,365472.0
2023-06-05T00:00:00Z,UNSPECIFIED,EC,M55486,M55486-Ikamva Community Forum,394070.0
2023-06-05T00:00:00Z,UNSPECIFIED,GP,M35334,M35334 -Tshepa-Thuto Day Care,100000.0
2023-06-05T00:00:00Z,UNSPECIFIED,GP,M54187,M54187-Cricket South Africa,3760000.0
2023-06-05T00:00:00Z,UNSPECIFIED,GP,M55282,M55282 -Athletics South Africa,2200000.0
2023-06-06T00:00:00Z,UNSPECIFIED,MP,M47298,M47298-Amu Development Organisation,236250.0
2023-06-06T00:00:00Z,UNSPECIFIED,MP,M55189,M55189-Marimba Sweet Dreamers NPC,248000.0
2023-06-06T00:00:00Z,UNSPECIFIED,MP,M54723,M54723-Masana Secondary School,60000.0
2023-06-06T00:00:00Z,UNSPECIFIED,MP,M51469,M51469-Amass Centre For disabilities,796500.0
2023-06-06T00:00:00Z,UNSPECIFIED,MP,M53368,M53368-Ithungelelwano Lesindebele,298420.0
2023-06-06T00:00:00Z,UNSPECIFIED,WC,M56078,M56078- South African Gymnastics Federation,2480000.0
2023-06-13T00:00:00Z,UNSPECIFIED,KZN,M56097,M56097-Canoeing South Africa,2670000.0
2023-06-15T00:00:00Z,UNSPECIFIED,GP,M56057,M56057-Wheelchair Basketball SA,3000000.0
2023-06-15T00:00:00Z,UNSPECIFIED,GP,M56061,M56061-Swimming South Africa,9210000.0
2023-06-15T00:00:00Z,UNSPECIFIED,GP,M56060,M56060-Netball South Africa,3000000.0
2023-06-21T00:00:00Z,UNSPECIFIED,LP,M48052,M48052-Leamogetswe old age centre,202500.0
2023-06-21T00:00:00Z,UNSPECIFIED,LP,M48082,M48082-Mushiyani Victim Empowerment,419130.0
2023-06-21T00:00:00Z,UNSPECIFIED,LP,M51696,M51696-Sterkstroom Drop in Centre,619000.0
2023-06-21T00:00:00Z,UNSPECIFIED,LP,M49044,M49044-Mina Hi Mina Film Production,148000.0
2023-06-21T00:00:00Z,UNSPECIFIED,LP,M50358,M50358-Koenadi women and youth economic dev organistaion,211000.0
2023-06-21T00:00:00Z,UNSPECIFIED,LP,M51916,M51916-Makhado on the move,463500.0
2023-06-21T00:00:00Z,UNSPECIFIED,NW,M53999,M53999-J S Masisi Primary School,60000.0
2023-06-21T00:00:00Z,UNSPECIFIED,NW,M54196,M54196-Phetogo Foundation,388000.0
2023-06-21T00:00:00Z,UNSPECIFIED,NW,M48477,M48477-Lonely Park-Signall Hill Disabled Project,288000.0
2023-06-21T00:00:00Z,UNSPECIFIED,NW,M49485,M49485-Neoyabatho Foundation,70900.0
2023-06-21T00:00:00Z,UNSPECIFIED,NW,M49397,M49397-Lifeline Mafikeng,2362800.0
2023-06-21T00:00:00Z,UNSPECIFIED,NW,M50174,M50174-Itukisetseng Bagudi Old Age Home,412465.0
2023-06-21T00:00:00Z,UNSPECIFIED,NC,M55063,M55063 - SAFA Namakwa,170000.0
2023-06-22T00:00:00Z,UNSPECIFIED,LP,M50084,M50084-Dienywa Tsa Moya,384600.0
2023-06-22T00:00:00Z,UNSPECIFIED,NC,M54672,M54672-Marang Career Information Centre,650538.0
2023-06-22T00:00:00Z,UNSPECIFIED,NW,M52563,M52563-Basadi Bofang Matheka,936000.0
2023-06-22T00:00:00Z,UNSPECIFIED,NW,M46810,M46810-Are Aganeng Old Age,354000.0
2023-06-22T00:00:00Z,UNSPECIFIED,NW,M49505,M49505-Changing Movements Foundation,258000.0
2023-06-22T00:00:00Z,UNSPECIFIED,NW,M47513,M47513-Prosperity Nurse Pre-School,394000.0
2023-06-22T00:00:00Z,UNSPECIFIED,NW,M50410,M50410-Kebarona Old Age,1091500.0
2023-06-22T00:00:00Z,UNSPECIFIED,WC,M53929,M53929-Grabouw Animal Welfare Society,497863.0
2023-06-22T00:00:00Z,UNSPECIFIED,WC,M48529,M48529-Gabriella Centre,264000.0
2023-06-22T00:00:00Z,UNSPECIFIED,WC,M50365,M50365-Creative Skills Factory NPC,452184.0
2023-06-22T00:00:00Z,UNSPECIFIED,WC,M52336,M52336-SA Wrestling Federation,1200000.0
2023-06-22T00:00:00Z,UNSPECIFIED,WC,M51215,M51215-Sakhisizwe Educare,265200.0
2023-06-22T00:00:00Z,UNSPECIFIED,WC,M48547,M48547-Khuseleka Gender Violence and Support Services,390550.0
2023-06-22T00:00:00Z,UNSPECIFIED,NW,M51409,M51409-Lethabong Disability Organisation,442000.0
2023-06-22T00:00:00Z,UNSPECIFIED,NW,M50690,M50690-Kemisetso Day Care Centre,890500.0
2023-06-22T00:00:00Z,UNSPECIFIED,NW,M53512,M53512-Ikemisetso Phenyo,401000.0
2023-06-22T00:00:00Z,UNSPECIFIED,NW,M48535,M48535-Reagile Community Centre,353940.0
2023-06-22T00:00:00Z,UNSPECIFIED,NW,M55878,M55878-Lerato Day Care Centre,322875.0
2023-06-22T00:00:00Z,UNSPECIFIED,NW,M49529,M49529-Tumelo Mosenye Foundation,291550.0
2023-06-22T00:00:00Z,UNSPECIFIED,NW,M49381,M49381-Lesang Catholic Pre-School,240000.0
2023-06-22T00:00:00Z,UNSPECIFIED,NW,M55052,M55052-Masina Arts Foundation,186900.0
2023-06-22T00:00:00Z,UNSPECIFIED,NW,M47166,M47166-Iterele Day Care Centre,1219221.0
2023-06-22T00:00:00Z,UNSPECIFIED,LP,M48056,M48056-Teresa NPC,338000.0
2023-06-22T00:00:00Z,UNSPECIFIED,GP,M34392,M34392-KLM Youth and Women Development,100000.0
2023-06-22T00:00:00Z,UNSPECIFIED,GP,M49687,M49687-Atteridgeville / Saulsville APD,737000.0
2023-06-22T00:00:00Z,UNSPECIFIED,GP,M50765,M50765-El Shammah Home,1131364.0
2023-06-22T00:00:00Z,UNSPECIFIED,FS,M50194,M50194-VMO Resolution,322640.0
2023-06-22T00:00:00Z,UNSPECIFIED,EC,M54636,M54636-Isikhoba NombewuT.S.S.S,60000.0
2023-06-22T00:00:00Z,UNSPECIFIED,EC,M51284,M51284-Proud Youth south Africa,467500.0
2023-06-22T00:00:00Z,UNSPECIFIED,EC,M49305,M49305-Khanyisa Day Care Centre,152000.0
2023-06-22T00:00:00Z,UNSPECIFIED,FS,M49768,M49768-La Chaba Art Development Foundation,396038.0
2023-06-22T00:00:00Z,UNSPECIFIED,GP,M46726,M46726-Ebenezer house of hope,419635.0
2023-06-22T00:00:00Z,UNSPECIFIED,KZN,M48835,M48835-Ikusasa women and youth initiative,403000.0
2023-07-05T00:00:00Z,UNSPECIFIED,WC,M48367,M48367-Paternoster Project NPC,389111.00
2023-07-05T00:00:00Z,UNSPECIFIED,WC,M54524,M54524-Nederburg Primary,60000.00
2023-07-05T00:00:00Z,UNSPECIFIED,WC,M48775,M48775-Cape Winelands Badminton Association,115000.00
2023-07-05T00:00:00Z,UNSPECIFIED,WC,M50260,M50260-ACVV Worcester,653923.00
2023-07-05T00:00:00Z,UNSPECIFIED,MP,M50768,M50768-CMR-Child And Youth Care Centre,2851900.00
2023-07-05T00:00:00Z,UNSPECIFIED,NW,M54870,M54870-Potters Arts Production,944340.00
2023-07-05T00:00:00Z,UNSPECIFIED,NW,M54766,M54766-Kopano Community Project,428358.00
2023-07-05T00:00:00Z,UNSPECIFIED,NC,M51040,M51040-Indigo Development & Change,1500000.00
2023-07-05T00:00:00Z,UNSPECIFIED,NC,M49784,M49784-Grace Crisis Centre,362600.00
2023-07-05T00:00:00Z,UNSPECIFIED,WC,M48520,M48520-Rural Children First,226152.00
2023-07-05T00:00:00Z,UNSPECIFIED,WC,M50605,M50605-Enlighten Education Trust,257000.00
2023-07-05T00:00:00Z,UNSPECIFIED,WC,M54780,M54780-South African Baseball Union,800000.00
2023-07-05T00:00:00Z,UNSPECIFIED,WC,M48399,M48399-Zip Zap Circus School Trust,484000.00
2023-07-05T00:00:00Z,UNSPECIFIED,WC,M53002,M53002-Biblionef SA,368304.00
2023-07-05T00:00:00Z,UNSPECIFIED,NC,M52679,M52679 â€“ CRC Cares Rehoboth,495100.00
2023-07-05T00:00:00Z,UNSPECIFIED,NC,M53718,M53718 - NC Chess Federation,240000.00
2023-07-05T00:00:00Z,UNSPECIFIED,NW,M50167,M50167-Paul Bass Empire Foundation,180999.00
2023-07-07T00:00:00Z,UNSPECIFIED,GP,M54205,M54205-ArtEffect Network,468000.00
2023-07-07T00:00:00Z,UNSPECIFIED,WC,M48259,M48259 - PATCH HELDERBERG CHILD ABUSE CENTRE,1061529.00
2023-07-07T00:00:00Z,UNSPECIFIED,MP,M55022,M55022-MPUMALANGA NETBALL,220000.00
2023-07-07T00:00:00Z,UNSPECIFIED,LP,M54519,M54519-King Nyabela Foundation,383000.00
2023-07-07T00:00:00Z,UNSPECIFIED,LP,M46650,M46650-Risima DIC,419000.00
2023-07-07T00:00:00Z,UNSPECIFIED,LP,M53515,M53515-Madika Primary School,60000.00
2023-07-07T00:00:00Z,UNSPECIFIED,LP,M50870,M50870-Mphephu Victim Empowerment,639998.00
2023-07-07T00:00:00Z,UNSPECIFIED,NW,M53525,M53525-Khensani Combined Pre-School-,273000.00
2023-07-07T00:00:00Z,UNSPECIFIED,NW,M39441,M39441-Boresetse Service Club,100000.00
2023-07-07T00:00:00Z,UNSPECIFIED,NW,M51408,M51408-Samkelo Soup Kitchen,444000.00
2023-07-07T00:00:00Z,UNSPECIFIED,WC,M51162,M51162-Rural Development Support Program,464800.00
2023-07-07T00:00:00Z,UNSPECIFIED,WC,M51132,M51132-Western Cape Forum for Intellectual Disability,244800.00
2023-07-07T00:00:00Z,UNSPECIFIED,WC,M54778,M54778-Lee Corporate Foundation,183000.00
2023-07-07T00:00:00Z,UNSPECIFIED,WC,M51227,M51227-Orion Organisation,1713562.00
2023-07-07T00:00:00Z,UNSPECIFIED,NC,M51851,M51851-ACVV Kimberley,300000.00
2023-07-07T00:00:00Z,UNSPECIFIED,WC,M50217,M50217-Nakhane Educare Centre,303350.00
2023-07-07T00:00:00Z,UNSPECIFIED,WC,M50589,M50589-Masizame Creche,262100.00
2023-07-07T00:00:00Z,UNSPECIFIED,WC,M50369,M50369-One Nation Educare Centre,240730.00
2023-07-07T00:00:00Z,UNSPECIFIED,WC,M50219,M50219-Lingelihle Care Centre,359000.00
2023-07-12T00:00:00Z,UNSPECIFIED,EC,M47323,M47323-Nkanini Pre School,99000.00
2023-07-12T00:00:00Z,UNSPECIFIED,EC,M47334,M47334-Khabindlovu Pre School,355500.00
2023-07-12T00:00:00Z,UNSPECIFIED,EC,M47349,M47349-Ilingelethu Pre School,341000.00
2023-07-12T00:00:00Z,UNSPECIFIED,KZN,M49468,M49468-Sphulelesizwe Community Initiative,242300.00
2023-07-12T00:00:00Z,UNSPECIFIED,KZN,M54724,M54724-Nqutu Lutheran Primary School,60000.00
2023-07-12T00:00:00Z,UNSPECIFIED,FS,M52026,M52026-Pusetso Ya Setjhaba Community Nutrition And Development Centre,400000.00
2023-07-12T00:00:00Z,UNSPECIFIED,GP,M33446,M33446-Kopano Day Care and Pre-School,100000.00
2023-07-12T00:00:00Z,UNSPECIFIED,FS,M51754,M51754-Bana Pele Orphans And Vulnarable Children,360500.00
2023-07-12T00:00:00Z,UNSPECIFIED,FS,M51496,M51496-Kamohelo Organisation,483700.00
2023-07-12T00:00:00Z,UNSPECIFIED,KZN,M47792,M47792-The Valley Trust,365000.00
2023-07-12T00:00:00Z,UNSPECIFIED,KZN,M48278,M48278-Inkanyezi Community Development24574,1130000.00
2023-07-12T00:00:00Z,UNSPECIFIED,KZN,M48538,M48538-Kuhlekonke Community Development,127000.00
2023-07-12T00:00:00Z,UNSPECIFIED,KZN,M48204,M48204-Divine Community Organisation,265450.00
2023-07-12T00:00:00Z,UNSPECIFIED,KZN,M47541,M47541-Ladysmith Omama Benhlonipho,118000.00
2023-07-12T00:00:00Z,UNSPECIFIED,EC,M54576,M54576-Mpambani Mzimba High School,60000.00
2023-07-12T00:00:00Z,UNSPECIFIED,EC,M52758,M52758-Ayola Community Development Programme,500000.00
2023-07-12T00:00:00Z,UNSPECIFIED,EC,M54582,M54582-The Blended Crafts Project,306000.00
2023-07-12T00:00:00Z,UNSPECIFIED,FS,M52272,M52272-Khathallanang Home Care,161700.00
2023-07-12T00:00:00Z,UNSPECIFIED,FS,M52273,M52273-Moemaneng Child Care Forum,237500.00
2023-07-12T00:00:00Z,UNSPECIFIED,FS,M52460,M52460-Thusanang Disability Day Care,567250.00
2023-07-12T00:00:00Z,UNSPECIFIED,FS,M47490,M47490-Koppies Vir Jesus,236000.00
2023-07-12T00:00:00Z,UNSPECIFIED,FS,M52313,M52313-Kgutsanong Home Care,254000.00
2023-07-12T00:00:00Z,UNSPECIFIED,FS,M52448,M52448-Peretshweu Senior Citizens,155000.00
2023-07-12T00:00:00Z,UNSPECIFIED,FS,M47680,M47680-Ezibeleni Day Care,180206.00
2023-07-17T00:00:00Z,UNSPECIFIED,MP,M47146,M47146-Witbank FM,1000000.00
2023-07-17T00:00:00Z,UNSPECIFIED,MP,M49211,M49211-Sicaloesihle Pre school & Aftercare,310100.00
2023-07-17T00:00:00Z,UNSPECIFIED,MP,M45604,M45604-Hlapooje Pre school,423900.00
2023-07-17T00:00:00Z,UNSPECIFIED,MP,M47359,M47359-Croquetlawn Day Centre,713000.00
2023-07-17T00:00:00Z,UNSPECIFIED,MP,M51680,M51680-Mpumalanga Khoeson Community council,365607.00
2023-07-17T00:00:00Z,UNSPECIFIED,MP,M54091,M54091-Fikizolo Youth Project NPC,259200.00
2023-07-17T00:00:00Z,UNSPECIFIED,MP,M49318,M49318-Phafoga Pre school,485000.00
2023-07-17T00:00:00Z,UNSPECIFIED,MP,M51228,M51228-Touch A Million,800000.00
2023-07-17T00:00:00Z,UNSPECIFIED,NW,M35630,M35630-Tlhoka Pelaelo Old Aged,100000.00
2023-07-17T00:00:00Z,UNSPECIFIED,NW,M51576,M51576-Maitseo A Warona NPC,289962.00
2023-07-17T00:00:00Z,UNSPECIFIED,NW,M54631,M54631-Kgakololo ELC,555700.00
2023-07-17T00:00:00Z,UNSPECIFIED,NW,M49245,M49245-Reaikaga Service Club,425450.00
2023-07-17T00:00:00Z,UNSPECIFIED,NW,M48643,M48643-Centre of Hope for the Hopeless and Abused,309645.00
2023-07-17T00:00:00Z,UNSPECIFIED,NW,M52011,M52011-Thari Mmelegi Orphanage,172000.00
2023-07-17T00:00:00Z,UNSPECIFIED,NW,M52007,M52007-Batsha Ba Kopane,369600.00
2023-07-17T00:00:00Z,UNSPECIFIED,EC,M50899,M50899-Uitenhage Child and Family Welfare Society,730069.00
2023-07-17T00:00:00Z,UNSPECIFIED,EC,M55165,M55165-Amampondo Youth Empowerment NPC,253000.00
2023-07-17T00:00:00Z,UNSPECIFIED,FS,M47667,M47667-Mohau Day Care Centre,344800.00
2023-07-17T00:00:00Z,UNSPECIFIED,FS,M49111,M49111-Senakangwedi Developmental Centre,420000.00
2023-07-17T00:00:00Z,UNSPECIFIED,FS,M50216,M50216-Anchor of Hope Ministries,537000.00
2023-07-17T00:00:00Z,UNSPECIFIED,FS,M48091,M48091-Tlhokomelong Day Care Centre,249000.00
2023-07-17T00:00:00Z,UNSPECIFIED,KZN,M47273,M47273-Elangeni Community Development,207000.00
2023-07-17T00:00:00Z,UNSPECIFIED,KZN,M48857,M48857-Xolani Organisation,406310.00
2023-07-17T00:00:00Z,UNSPECIFIED,FS,M47735,M47735-Lehlohonolo Educare Centre,357400.00
2023-07-17T00:00:00Z,UNSPECIFIED,GP,M45243,M45243-Gongota Creations Foundation,100000.00
2023-07-17T00:00:00Z,UNSPECIFIED,GP,M45617,M45617-Seed Thru Arts,113000.00
2023-07-17T00:00:00Z,UNSPECIFIED,KZN,M48247,M48247-Wyebank Senior Citizen Club Phase 11,332000.00
2023-07-17T00:00:00Z,UNSPECIFIED,EC,M51311,M51311-Eastern Cape Transplant Sports Association,170000.00
2023-07-17T00:00:00Z,UNSPECIFIED,GP,M45665,M45665-Usizo Thuso Community Centre,237379.00
2023-07-17T00:00:00Z,UNSPECIFIED,EC,M52029,M52029-Kago Community Development centre,325000.00
2023-07-17T00:00:00Z,UNSPECIFIED,FS,M48420,M48420-Rethabile Multi-Purpose Educare Centre 2,300200.00
2023-07-17T00:00:00Z,UNSPECIFIED,EC,M48901,M48901-Sophakama Day Care Centre,295000.00
2023-07-17T00:00:00Z,UNSPECIFIED,EC,M54863,M54863-Ndungwana Victims Support Centre,273532.00
2023-07-18T00:00:00Z,UNSPECIFIED,GP,M53329,M53329-South African Kabaddi Federation NPO,65000.00
2023-07-18T00:00:00Z,UNSPECIFIED,GP,M50883,M50883-Ekasi Mighty Eagles Academy,65000.00
2023-07-26T00:00:00Z,UNSPECIFIED,GP,M56061,M56061-Swimming South Africa,9210000.00
2023-07-24T00:00:00Z,UNSPECIFIED,KZN,M46069,M46069 -Mashiza Community Project NPC,266000.00
2023-07-24T00:00:00Z,UNSPECIFIED,KZN,M48296,M48296 -Empangeni Boxing Gym,85000.00
2023-07-24T00:00:00Z,UNSPECIFIED,KZN,M45898,M45898-Zonakhanyo Peoples Organisation,284680.00
2023-07-24T00:00:00Z,UNSPECIFIED,KZN,M51588,M51588-Zile United Football Club,70000.00
2023-07-24T00:00:00Z,UNSPECIFIED,KZN,M51640,M51640-Heal Peace Football Team,65000.00
2023-07-24T00:00:00Z,UNSPECIFIED,LP,M48573,M48573-Makuya Afterschool Care and Mentoring Centre,416380.00
2023-07-24T00:00:00Z,UNSPECIFIED,LP,M47308,M47308-Rethusitswe Older Persons Centre,244800.00
2023-07-24T00:00:00Z,UNSPECIFIED,LP,M48931,M48931-Fetogang Makgarebe Cultural Village,408000.00
2023-07-24T00:00:00Z,UNSPECIFIED,NC,M39265,M39265-Iketletso Pre School,100000.00
2023-07-24T00:00:00Z,UNSPECIFIED,NC,M47695,M47695-Serurubele Early Learning Centre,400000.00
2023-07-24T00:00:00Z,UNSPECIFIED,NW,M40096,M40096-The Living Water Day Care Centre,100000.00
2023-07-24T00:00:00Z,UNSPECIFIED,NW,M48845,M48845-Itekeng Early Learning Centre,183000.00
2023-07-24T00:00:00Z,UNSPECIFIED,NW,M54216,M54216-Tirisano Home Based Care,246600.00
2023-07-24T00:00:00Z,UNSPECIFIED,NW,M46212,M46212-Ratanang Service Club,379483.00
2023-07-24T00:00:00Z,UNSPECIFIED,NW,M54837,M54837-Buang Early Learning Centre,215985.00
2023-07-24T00:00:00Z,UNSPECIFIED,NW,M47821,M47821-Home for the Aged Wolmaransstad,1198000.00
2023-07-24T00:00:00Z,UNSPECIFIED,WC,M52849,M52849-Green Garden Foundation,334721.00
2023-07-24T00:00:00Z,UNSPECIFIED,WC,M53697,M53697-SAFA Overberg,140000.00
2023-07-24T00:00:00Z,UNSPECIFIED,WC,M54159,M54159-Nyanga Local Football Association,65000.00
2023-07-24T00:00:00Z,UNSPECIFIED,WC,M51241,M51241-Bergvliet Sport Association,95000.00
2023-07-24T00:00:00Z,UNSPECIFIED,WC,M49697,M49697-Royal Citizens Football Club,80000.00
2023-07-24T00:00:00Z,UNSPECIFIED,NW,M50511,M50511-Aga-Thuto Day Care Centre and Pre-school,274590.00
2023-07-24T00:00:00Z,UNSPECIFIED,NW,M47659,M47659-Khaya Tshepo Home Of Hope For Vulnerable Children,323000.00
2023-07-24T00:00:00Z,UNSPECIFIED,LP,M54994,M54994-Lepelle-Nkumpi Art Heritage Development NPO,237720.00
2023-07-24T00:00:00Z,UNSPECIFIED,NW,M51930,M51930-Reitu Arts and Culture,293000.00
2023-07-24T00:00:00Z,UNSPECIFIED,NW,M51635,M51635-Bojanala Legal Advice Centre,340000.00
2023-07-24T00:00:00Z,UNSPECIFIED,NW,M51771,M51771-Refemetswe Early Learning Centre,269000.00
2023-07-24T00:00:00Z,UNSPECIFIED,NW,M54274,M54274-Mpepi Early Learning Centre,321100.00
2023-07-24T00:00:00Z,UNSPECIFIED,NW,M54871,M54871-Oratile Day Care Centre,376215.00
2023-07-24T00:00:00Z,UNSPECIFIED,LP,M48929,M48929-Maphosa Drop Inn Centre,465000.00
2023-07-24T00:00:00Z,UNSPECIFIED,LP,M48601,M48601-Ebheneza Arts Design,298000.00
2023-07-24T00:00:00Z,UNSPECIFIED,NC,M54201,M54201-Hebzibah Counselling and Healing Centre,397000.00
2023-07-24T00:00:00Z,UNSPECIFIED,NW,M47120,M47120-Mahuhudi Day Care Centre,803000.00
2023-07-24T00:00:00Z,UNSPECIFIED,WC,M49506,M49506-Sakhigomso Educare Centre,191500.00
2023-07-24T00:00:00Z,UNSPECIFIED,WC,M53388,M53388-Outreach for Christ,539000.00
2023-07-24T00:00:00Z,UNSPECIFIED,WC,M49999,M49999-Little Stars Daycare Centre,187500.00
2023-07-24T00:00:00Z,UNSPECIFIED,WC,M52377,M52377-Western Province Wrestling Association,700000.00
2023-07-24T00:00:00Z,UNSPECIFIED,LP,M47435,M47435-Tsosanang DIC,196200.00
2023-07-24T00:00:00Z,UNSPECIFIED,LP,M53510,M53510-Burkinabee Community Development Center NPO,132000.00
2023-07-24T00:00:00Z,UNSPECIFIED,MP,M46706,M46706-Siyajabula Arts Podium NPC,338000.00
2023-07-24T00:00:00Z,UNSPECIFIED,WC,M52196,M52196 - EDEN SURF RIDERS,80000.00
2023-07-24T00:00:00Z,UNSPECIFIED,WC,M46374,M46374-Baxoza Community Centre,249000.00
2023-07-24T00:00:00Z,UNSPECIFIED,MP,M47442,M47442-Ka Million Creche,316000.00
2023-07-24T00:00:00Z,UNSPECIFIED,MP,M48476,M48476-Pfukani Islington Centre,426000.00
2023-07-24T00:00:00Z,UNSPECIFIED,NC,M53357,M53357-St' Mary's Parish Holpan Soup Kitchen,351300.00
2023-07-24T00:00:00Z,UNSPECIFIED,WC,M53364,M53364-FAMSA KNYSNA,803069.00
2023-07-26T00:00:00Z,UNSPECIFIED,GP,M47811,M47811 -Kungwini Welfare Organisation,772000.00
2023-07-26T00:00:00Z,UNSPECIFIED,GP,M54330,M54330-Zakheni Training and Development Centre,408000.00
2023-07-26T00:00:00Z,UNSPECIFIED,GP,M55508,M55508-Damaseka E Ncha,288000.00
2023-07-26T00:00:00Z,UNSPECIFIED,EC,M47784,M47784-Masande Day Care Centre,605200.00
2023-07-26T00:00:00Z,UNSPECIFIED,EC,M55478,M55478-Unakho VEP,312600.00
2023-07-26T00:00:00Z,UNSPECIFIED,KZN,M54164,M54164-Thembanjilo Foundation,538000.00
2023-07-26T00:00:00Z,UNSPECIFIED,KZN,M32586,M32586-Thubelihle Creche,100000.00
2023-07-26T00:00:00Z,UNSPECIFIED,KZN,M48055,M48055-Ukuthula Youth Project,353444.00
2023-07-26T00:00:00Z,UNSPECIFIED,KZN,M48690,M48690-Siyaphambili Theatre Drama and Dancers Project,478000.00
2023-07-26T00:00:00Z,UNSPECIFIED,GP,M48325,M48325-Avril Elizabeth Home for Mentally Handicapped,829380.00
2023-07-26T00:00:00Z,UNSPECIFIED,GP,M54041,M54041 -Motheo Wa Setjhaba,338000.00
2023-07-26T00:00:00Z,UNSPECIFIED,GP,M48179,M48179-Cancer Associaiton of South Africa,1000000.00
2023-07-26T00:00:00Z,UNSPECIFIED,FS,M48635,M48635-Ahanang Creche,829664.00
2023-07-26T00:00:00Z,UNSPECIFIED,KZN,M49686,M49686-Zizamele Lunchon Club,120800.00
2023-07-26T00:00:00Z,UNSPECIFIED,FS,M47072,"M47072-Najaarsrus Sentrum Vir Bejaardes ,Parys",1063755.00
2023-08-01T00:00:00Z,UNSPECIFIED,EC,M46881,M46881-Maranatha Street Workers Trust,276500.00
2023-08-01T00:00:00Z,UNSPECIFIED,EC,M47065,M47065-All Saints Day Care,1000000.00
2023-08-01T00:00:00Z,UNSPECIFIED,NC,M53594,M53594-Emthanjeni LFA,65000.00
2023-08-01T00:00:00Z,UNSPECIFIED,NC,M52312,M52312-Lowryville Intermedaite School,60000.00
2023-08-01T00:00:00Z,UNSPECIFIED,FS,M47739,M47739-Lethabo Creche,348500.00
2023-08-01T00:00:00Z,UNSPECIFIED,FS,M51762,M51762-Sandeveld H/S,65000.00
2023-08-01T00:00:00Z,UNSPECIFIED,FS,M48089,M48089-Ithuteng Day Care Centre NPO 171-495,337415.00
2023-08-01T00:00:00Z,UNSPECIFIED,KZN,M47682,M47682-Chess United Club,90000.00
2023-08-01T00:00:00Z,UNSPECIFIED,KZN,M51719,M51719-Tshikiza Ladies Soccer Team,75000.00
2023-08-01T00:00:00Z,UNSPECIFIED,KZN,M51155,M51155-Scottburgh FC,75000.00
2023-08-01T00:00:00Z,UNSPECIFIED,EC,M52110,M52110-Burgersdorp Celtics Football Club,115000.00
2023-08-01T00:00:00Z,UNSPECIFIED,WC,M51212,M51212-St Michael's Child & Youth Care Centre,1856825.00
2023-08-01T00:00:00Z,UNSPECIFIED,NW,M53662,M53662-Ratanang Batswana,153000.00
2023-08-01T00:00:00Z,UNSPECIFIED,NW,M52960,M52960-Talitha Community Development Empowerment Centre,105000.00
2023-08-01T00:00:00Z,UNSPECIFIED,WC,M49571,M49571-Zanokhanyo Enrichment Centre,395000.00
2023-08-01T00:00:00Z,UNSPECIFIED,LP,M51724,M51724-New Dawn Dance Academy,233989.00
2023-08-01T00:00:00Z,UNSPECIFIED,WC,M51190,M51190-De Wet Skool vir Outisme,388440.00
2023-08-01T00:00:00Z,UNSPECIFIED,NW,M53983,M53983-Tlotla Drugs and Substance Abuse,306311.00
2023-08-01T00:00:00Z,UNSPECIFIED,NC,M45321,M45321-Isago Soup Kitchen - 29080,100000.00
2023-08-01T00:00:00Z,UNSPECIFIED,NC,M51283,M51283-Frances Baard Netball,105000.00
2023-08-01T00:00:00Z,UNSPECIFIED,NC,M53976,M53976-KAREEBERG LFA,65000.00
2023-08-01T00:00:00Z,UNSPECIFIED,NC,M54604,M54604-ACVV Upington - 5415,1186150.00
2023-08-01T00:00:00Z,UNSPECIFIED,LP,M51954,M51954-Mphari Secondary school,60000.00
2023-08-01T00:00:00Z,UNSPECIFIED,NW,M51410,M51410-Ikanyeng Disability Organization,391130.00
2023-08-01T00:00:00Z,UNSPECIFIED,EC,M52729,M52729-Bulumko Senior Primary School,65000.00
2023-08-01T00:00:00Z,UNSPECIFIED,EC,M52711,M52711-St Johns Football Club,70000.00
2023-08-01T00:00:00Z,UNSPECIFIED,EC,M52718,M52718-Cambridge Hotspurs Football Club,70000.00
2023-08-01T00:00:00Z,UNSPECIFIED,KZN,M47284,M47284-Isiko Lethu Npo,269000.00
2023-08-01T00:00:00Z,UNSPECIFIED,KZN,M51149,M51149-Amapigogo Ladies Soccer Team,65000.00
2023-08-01T00:00:00Z,UNSPECIFIED,KZN,M46553,M46553-Ingisawoti Football Club,80000.00
2023-08-01T00:00:00Z,UNSPECIFIED,EC,M52732,M52732-Sicaphukile Football Club,100000.00
2023-08-01T00:00:00Z,UNSPECIFIED,EC,M53650,M53650-King Vultures Football Club,85000.00
2023-08-01T00:00:00Z,UNSPECIFIED,GP,M39392,M39392-Vaal Echoes of Love,1227200.00
2023-08-01T00:00:00Z,UNSPECIFIED,GP,M46900,M46900-Ekuphileni Bophelong Luncheon Club,1273000.00
2023-08-01T00:00:00Z,UNSPECIFIED,GP,M47451,M47451-The South African National Council on Alcoholism and Drug Dependency - Pretoria Society,956600.00
2023-08-01T00:00:00Z,UNSPECIFIED,GP,M50003,M50003-The GAP College NPC,533660.00
2023-08-01T00:00:00Z,UNSPECIFIED,EC,M35238,M35238-Ikhwezi Early Childhood Development Centre,100000.00
2023-08-01T00:00:00Z,UNSPECIFIED,EC,M46454,M46454-Siyafunda Day Care Centre,478720.00
2023-08-01T00:00:00Z,UNSPECIFIED,EC,M46699,M46699-Thembelani Day Care Centre,263500.00
2023-08-01T00:00:00Z,UNSPECIFIED,EC,M47081,M47081-Eugenia Nothemba Gxowa Foundation,479810.00
2023-08-01T00:00:00Z,UNSPECIFIED,EC,M48290,M48290-Enkazimlweni Service Centre,402000.00
2023-08-01T00:00:00Z,UNSPECIFIED,EC,M48841,M48841-Lubango Youth Development Project,418076.00
2023-08-01T00:00:00Z,UNSPECIFIED,EC,M48896,M48896-Vuyo Mbuli Victim Empowerment Centre,321000.00
2023-08-01T00:00:00Z,UNSPECIFIED,EC,M49163,M49163-Zanokhanyo Day Care Centre 17401,211000.00
2023-08-01T00:00:00Z,UNSPECIFIED,EC,M49294,M49294-Shukunxa Day Care Centre,91000.00
2023-08-01T00:00:00Z,UNSPECIFIED,EC,M52598,M52598-Ethembeni White Door Centre Of Hope,269812.30
2023-08-01T00:00:00Z,UNSPECIFIED,EC,M51985,M51985-Masivuke Community Development Project,750000.00
2023-08-01T00:00:00Z,UNSPECIFIED,GP,M55213,M55213-Light Shine Community Project,123000.00
2023-08-01T00:00:00Z,UNSPECIFIED,GP,M53747,M53747-Africa Food Club,387775.00
2023-08-01T00:00:00Z,UNSPECIFIED,GP,M51193,M51193-Soweto All Stars Foundation,65000.00
2023-08-01T00:00:00Z,UNSPECIFIED,GP,M51701,M51701-Sky Sport Promotion Academy,75000.00
2023-08-01T00:00:00Z,UNSPECIFIED,KZN,M44996,M44996-Lethokuhle Creche,106085.00
2023-08-01T00:00:00Z,UNSPECIFIED,KZN,M45271,M45271-Sekusile Creche KZN,100000.00
2023-08-01T00:00:00Z,UNSPECIFIED,KZN,M47196,M47196-Izethembiso Zothando,428800.00
2023-08-01T00:00:00Z,UNSPECIFIED,KZN,M48092,M48092-St Vincent Children's Home,453000.00
2023-08-01T00:00:00Z,UNSPECIFIED,KZN,M51090,M51090-Underberg And Himeville Youth Sports Club,75000.00
2023-08-01T00:00:00Z,UNSPECIFIED,KZN,M51161,M51161-Yellow Stars Football Club,75000.00
2023-08-01T00:00:00Z,UNSPECIFIED,KZN,M51206,M51206-Matalabane Football Club,80000.00
2023-08-01T00:00:00Z,UNSPECIFIED,KZN,M51249,M51249-Lacoste FC,70000.00
2023-08-01T00:00:00Z,UNSPECIFIED,KZN,M51591,M51591-Diba United Football Club,65000.00
2023-08-01T00:00:00Z,UNSPECIFIED,WC,M47869,M47869-ACVV Huis Malan Jacobs,325000.00
2023-08-01T00:00:00Z,UNSPECIFIED,WC,M51450,M51450-Brothers Football Club,65000.00
2023-08-01T00:00:00Z,UNSPECIFIED,WC,M51639,M51639-Kamva Educare,257350.00
2023-08-01T00:00:00Z,UNSPECIFIED,WC,M51646,M51646-Home Defenders FC,75000.00
2023-08-01T00:00:00Z,UNSPECIFIED,WC,M51853,M51853-Onethemba Educare Centre,185900.00
2023-08-01T00:00:00Z,UNSPECIFIED,WC,M51921,M51921-Noorder-Paarl High School,60000.00
2023-08-01T00:00:00Z,UNSPECIFIED,WC,M52519,M52519-Siyakhulisa Educare and Aftercare,262800.00
2023-08-01T00:00:00Z,UNSPECIFIED,WC,M52530,M52530-Belmont Spurs Care Project,68250.00
2023-08-01T00:00:00Z,UNSPECIFIED,WC,M52705,M52705-Paravolley South Africa,600000.00
2023-08-01T00:00:00Z,UNSPECIFIED,WC,M52861,M52861-Riviersonderend Primary School,60000.00
2023-08-01T00:00:00Z,UNSPECIFIED,WC,M53118,M53118-Sinethemba Community Project,238200.00
2023-08-01T00:00:00Z,UNSPECIFIED,WC,M53232,M53232-Dance for All,1700000.00
2023-08-01T00:00:00Z,UNSPECIFIED,WC,M51735,M51735-Kwezi Lokusa Educare Centre,284686.00
2023-08-01T00:00:00Z,UNSPECIFIED,LP,M54922,M54922-Hlengiwe Art and Craft,183000.00
2023-08-01T00:00:00Z,UNSPECIFIED,LP,M48134,M48134-Thusang Sechaba Drop in Centre,306400.00
2023-08-01T00:00:00Z,UNSPECIFIED,LP,M48262,M48262-Ekhaya Le Themba Missions,732150.00
2023-08-01T00:00:00Z,UNSPECIFIED,LP,M48532,M48532-Sehlola Secondary School,65000.00
2023-08-01T00:00:00Z,UNSPECIFIED,LP,M48555,M48555-Bontle Dressmaking Project NPC,318000.00
2023-08-01T00:00:00Z,UNSPECIFIED,LP,M48787,M48787-Vhulombe Foundation NPO,498000.00
2023-08-01T00:00:00Z,UNSPECIFIED,LP,M50607,M50607-Maake Community Victim Empowerment,460000.00
2023-08-01T00:00:00Z,UNSPECIFIED,WC,M52441,M52441-Cape District Local Football Assocation,65000.00
2023-08-01T00:00:00Z,UNSPECIFIED,WC,M49371,M49371-Epilepsy SA South Cape Karoo,1523600.00
2023-08-01T00:00:00Z,UNSPECIFIED,NW,M48849,M48849-Nayang Lorato Early Childhood Development,312087.00
2023-08-01T00:00:00Z,UNSPECIFIED,NW,M48879,M48879-Arise And Shine Development Centre-17971,677250.00
2023-08-01T00:00:00Z,UNSPECIFIED,NW,M49162,M49162- Reatataisa Day Care Centre,212684.00
2023-08-01T00:00:00Z,UNSPECIFIED,NW,M49169,M49169-Precious Child Day Care,247434.00
2023-08-01T00:00:00Z,UNSPECIFIED,NW,M49309,M49309-Mmamorogo Community Development,406109.00
2023-08-01T00:00:00Z,UNSPECIFIED,NW,M49420,M49420-Ponagalo KLP Foundation NPC,229500.00
2023-08-01T00:00:00Z,UNSPECIFIED,NW,M50051,M50051-Boingotlo Early Learning centre,122000.00
2023-08-01T00:00:00Z,UNSPECIFIED,NW,M50250,M50250-Sunrise Creche,311275.00
2023-08-01T00:00:00Z,UNSPECIFIED,NW,M51572,M51572-Mpho-Entle- Early Learning Centre,266000.00
2023-08-01T00:00:00Z,UNSPECIFIED,NW,M51805,M51805-Makabolane Day Care Centre-13178,388812.00
2023-08-01T00:00:00Z,UNSPECIFIED,NW,M52408,M52408-Banna Buang North West-13074,102600.00
2023-08-01T00:00:00Z,UNSPECIFIED,NW,M52768,M52768-Setswana Sa Rona Indigenous Institute NPC,335000.00
2023-08-01T00:00:00Z,UNSPECIFIED,NW,M54032,M54032-Nyetse Youth Academy,65000.00
2023-08-01T00:00:00Z,UNSPECIFIED,NW,M54436,M54436-Women Empowered afaoundation,322000.00
2023-08-01T00:00:00Z,UNSPECIFIED,NW,M48390,M48390-Rutanang Learning Centre,355000.00
2023-08-01T00:00:00Z,UNSPECIFIED,MP,M35480,M35480-Entobeko Day Care Centre,100000.00
2023-08-01T00:00:00Z,UNSPECIFIED,MP,M45273,M45273-Matsatsela Football Club,75000.00
2023-08-01T00:00:00Z,UNSPECIFIED,MP,M45555,M45555-NHlanhlayezwe Arts Group,215000.00
2023-08-01T00:00:00Z,UNSPECIFIED,MP,M47468,M47468-Filda Mnene Creche,293600.00
2023-08-01T00:00:00Z,UNSPECIFIED,MP,M47586,M47586-Luvelo Social Club,246350.00
2023-08-01T00:00:00Z,UNSPECIFIED,MP,M47596,M47596-Inzuzo Foundation NPC,287000.00
2023-08-01T00:00:00Z,UNSPECIFIED,MP,M47726,M47726-Phelandaba Pre-School,404000.00
2023-08-01T00:00:00Z,UNSPECIFIED,MP,M47783,M47783-Elvis Malatjie Day Care Centre,484000.00
2023-08-01T00:00:00Z,UNSPECIFIED,MP,M48189,M48189-Murisi Old Age Centre,356997.00
2023-08-01T00:00:00Z,UNSPECIFIED,MP,M48773,M48773-Vutivi Pre School,730500.00
2023-08-01T00:00:00Z,UNSPECIFIED,MP,M48780,M48780-Hlayisani Creche,806845.00
2023-08-01T00:00:00Z,UNSPECIFIED,MP,M48877,M48877-Musalela Day Care Centre,244000.00
2023-08-01T00:00:00Z,UNSPECIFIED,MP,M48883,M48883-Vutlharhi Orphanage Centre,354000.00
2023-08-01T00:00:00Z,UNSPECIFIED,MP,M49078,M49078-Suprise Mthobisi Music NPC,408000.00
2023-08-01T00:00:00Z,UNSPECIFIED,MP,M49107,M49107-Morning Stars FC,95000.00
2023-08-01T00:00:00Z,UNSPECIFIED,MP,M49113,M49113-Inkasa Pre-School,297018.00
2023-08-01T00:00:00Z,UNSPECIFIED,MP,M49223,M49223-Njombo Pre-School,444000.00
2023-08-01T00:00:00Z,UNSPECIFIED,MP,M49288,M49288-Rhandzani Seville Creche,630500.00
2023-08-01T00:00:00Z,UNSPECIFIED,WC,M49236,M49236-HEIDEVELD FEMALE FOOTBALL ACADEMY,95000.00
2023-08-01T00:00:00Z,UNSPECIFIED,EC,M54432,M54432-Ithemba Boxing Club,65000.00
2023-08-01T00:00:00Z,UNSPECIFIED,EC,M54324,M54324-EC Young Stars Football Club,78750.00
2023-08-01T00:00:00Z,UNSPECIFIED,EC,M52617,M52617-Happy Boys Football Club,80000.00
2023-08-01T00:00:00Z,UNSPECIFIED,EC,M52583,M52583-Nkanyiso Football Club,130000.00
2023-08-01T00:00:00Z,UNSPECIFIED,EC,M50282,M50282-Black Bullets Football Club,78750.00
2023-08-01T00:00:00Z,UNSPECIFIED,EC,M52757,M52757-Enon Netball Club,65000.00
2023-08-01T00:00:00Z,UNSPECIFIED,EC,M53063,M53063-Malmaison United Rugby Club,80000.00
2023-08-01T00:00:00Z,UNSPECIFIED,EC,M54409,M54409-Mighty Clouds Football Club,94500.00
2023-08-01T00:00:00Z,UNSPECIFIED,EC,M54421,M54421-Grand Masters Football Club,75000.00
2023-08-01T00:00:00Z,UNSPECIFIED,EC,M54424,M54424-Thornhill Fast Eleven Football Club,95000.00
2023-08-01T00:00:00Z,UNSPECIFIED,EC,M52769,M52769-Kzee Soccer Youth Academy,65000.00
2023-08-01T00:00:00Z,UNSPECIFIED,EC,M54547,M54547-Central United Football,70000.00
2023-08-01T00:00:00Z,UNSPECIFIED,EC,M52713,M52713-Ikhwezi Lomso Rugby Football Club,140000.00
2023-08-01T00:00:00Z,UNSPECIFIED,EC,M52772,M52772-Young Teenagers Football Club,75000.00
2023-08-01T00:00:00Z,UNSPECIFIED,MP,M50122,M50122-Lubumbashe Footbal Club,80000.00
2023-08-01T00:00:00Z,UNSPECIFIED,EC,M51781,M51781-Ministers Football Club,170000.00
2023-08-01T00:00:00Z,UNSPECIFIED,KZN,M55860,M55860-The Amahlubi Royal Sustainable Foundation Trust,638000.00
2023-08-01T00:00:00Z,UNSPECIFIED,FS,M48397,M48397-Ncibane Orphanage Home,158000.00
2023-08-01T00:00:00Z,UNSPECIFIED,KZN,M53569,M53569-Zisizeni Association For Development,257000.00
2023-08-01T00:00:00Z,UNSPECIFIED,GP,M54025,M54025 -Indoni Primary School 2,60000.00
2023-08-01T00:00:00Z,UNSPECIFIED,KZN,M51631,M51631-Shaluza Football Club,75000.00
2023-08-01T00:00:00Z,UNSPECIFIED,EC,M54389,M54389-Young Ideas Sports Club,75000.00
2023-08-01T00:00:00Z,UNSPECIFIED,EC,M54416,M54416-Sports Club Vergenoeg Football Club,73500.00
2023-08-01T00:00:00Z,UNSPECIFIED,EC,M55088,M55088-Michausdal Primary School,60000.00
2023-08-01T00:00:00Z,UNSPECIFIED,EC,M52508,M52508-Matat Netball Club,110000.00
2023-08-01T00:00:00Z,UNSPECIFIED,EC,M52820,M52820-Blue Aces Football Club,90000.00
2023-08-01T00:00:00Z,UNSPECIFIED,FS,M53969,M53969-Xhariep Football Association,90000.00
2023-08-01T00:00:00Z,UNSPECIFIED,EC,M47968,M47968-Karoo Springboks Sports Club,110000.00
2023-08-01T00:00:00Z,UNSPECIFIED,GP,M50940,M50940-Meadowlands Community Masters Football Club,65000.00
2023-08-01T00:00:00Z,UNSPECIFIED,GP,M51213,M51213-Peace Lovers Football Club,65000.00
2023-08-01T00:00:00Z,UNSPECIFIED,FS,M53406,M53406-Mohokare Local Football Association,60000.00
2023-08-01T00:00:00Z,UNSPECIFIED,EC,M52753,M52753-14 Stars Netball Club,90000.00
2023-08-01T00:00:00Z,UNSPECIFIED,EC,M53767,M53767-Uhuru F C,65000.00
2023-08-01T00:00:00Z,UNSPECIFIED,KZN,M52452,M52452-Ekuweleni Primary School,60000.00
2023-08-01T00:00:00Z,UNSPECIFIED,KZN,M51673,M51673-Giant Machines Football Club,70000.00
2023-08-01T00:00:00Z,UNSPECIFIED,EC,M55571,M55571-Eastern Province Rugby Union,750000.00
2023-08-01T00:00:00Z,UNSPECIFIED,EC,M52154,M52154-Da Game Foundation,55000.00
2023-08-01T00:00:00Z,UNSPECIFIED,KZN,M51638,M51638-Insingizi Football Club,75000.00
2023-08-01T00:00:00Z,UNSPECIFIED,KZN,M52203,M52203-Malangabi Primary School,60000.00
2023-08-01T00:00:00Z,UNSPECIFIED,EC,M53137,M53137-Merryvale School For Specialized Education,65000.00
2023-08-01T00:00:00Z,UNSPECIFIED,FS,M47737,M47737-Matsipule Day Care Centre,381700.00
2023-08-01T00:00:00Z,UNSPECIFIED,FS,M48658,M48658-Bokamoso Educare Centre,511000.00
2023-08-01T00:00:00Z,UNSPECIFIED,FS,M48666,M48666-Lesedi Day Care Centre,363000.00
2023-08-01T00:00:00Z,UNSPECIFIED,FS,M49104,M49104-Motheo wa Letlotlo Thuto Day Care Centre,352500.00
2023-08-01T00:00:00Z,UNSPECIFIED,FS,M49227,M49227-Tebello Association for the Blind,380000.00
2023-08-01T00:00:00Z,UNSPECIFIED,FS,M49644,M49644-Mokae Primary School,55000.00
2023-08-01T00:00:00Z,UNSPECIFIED,FS,M50153,M50153-Matlotlo A Botjhaba Arts and Culture,268000.00
2023-08-01T00:00:00Z,UNSPECIFIED,FS,M47689,M47689-Light On,315000.00
2023-08-01T00:00:00Z,UNSPECIFIED,EC,M52120,M52120-Walmer Football Association,145000.00
2023-08-01T00:00:00Z,UNSPECIFIED,EC,M53721,M53721-Five Great Powers Cricket Club,90000.00
2023-08-01T00:00:00Z,UNSPECIFIED,FS,M52674,M52674-Matjhabeng Golf Association & Development,65000.00
2023-08-01T00:00:00Z,UNSPECIFIED,FS,M52897,M52897-Student Athlete NPC,65000.00
2023-08-01T00:00:00Z,UNSPECIFIED,KZN,M51217,M51217-Phumaphambili Football Club,100000.00
2023-08-01T00:00:00Z,UNSPECIFIED,EC,M52551,M52551-Desire of Ages Football Club,105000.00
2023-08-01T00:00:00Z,UNSPECIFIED,EC,M52567,M52567-West Park United Football Club,65000.00
2023-08-01T00:00:00Z,UNSPECIFIED,EC,M52670,M52670-Bukho Samurai Karate Academy Sports,65000.00
2023-08-01T00:00:00Z,UNSPECIFIED,EC,M52787,M52787-Tshisa Netball Club,65000.00
2023-08-01T00:00:00Z,UNSPECIFIED,EC,M53647,M53647-FBT Shooting Stars Football Club,80000.00
2023-08-01T00:00:00Z,UNSPECIFIED,EC,M53719,M53719-East London Old Mutual Athletics Club,75000.00
2023-08-01T00:00:00Z,UNSPECIFIED,EC,M53995,M53995-African Stars Football Club,70000.00
2023-08-01T00:00:00Z,UNSPECIFIED,EC,M50967,M50967-Shiloh Hotspurs Football Club,4250.00
2023-08-01T00:00:00Z,UNSPECIFIED,EC,M54423,M54423 - Oasis Hellenic Football Club,75000.00
2023-08-01T00:00:00Z,UNSPECIFIED,WC,M50712,M50712 -CF All Star,105000.00
2023-08-01T00:00:00Z,UNSPECIFIED,EC,M52006,M52006  - Bay Stars Ladies Football Club,80000.00
2023-08-01T00:00:00Z,UNSPECIFIED,EC,M52383,M52383 -Eleven Experience Football Club,95000.00
2023-08-01T00:00:00Z,UNSPECIFIED,EC,M52388,M52388 - M Chiefs Football Club,95000.00
2023-08-01T00:00:00Z,UNSPECIFIED,EC,M52498,M52498  -Swift Response Community Empowerment Initiative Through Soccer,95000.00
2023-08-01T00:00:00Z,UNSPECIFIED,KZN,M52905,M52905-Abafana Be Style Football Club,75000.00
2023-08-01T00:00:00Z,UNSPECIFIED,KZN,M51600,M51600-Indabuko Football Club,65000.00
2023-08-01T00:00:00Z,UNSPECIFIED,KZN,M51073,M51073-Siyaphumelela Football Club,100000.00
2023-08-01T00:00:00Z,UNSPECIFIED,EC,M53826,M53826 -Young Pirates Football Club,95000.00
2023-08-01T00:00:00Z,UNSPECIFIED,EC,M54420,M54420 - Sexy Birds Football Club,85000.00
2023-08-01T00:00:00Z,UNSPECIFIED,EC,M52733,M52733 - Real Attackers Football Club,85000.00
2023-08-01T00:00:00Z,UNSPECIFIED,EC,M49727,M49727 - Eastren Cape Deaf Sport Federation,8000.00
2023-08-01T00:00:00Z,UNSPECIFIED,FS,M53997,M53997 - Tswelopele Local Football Association,65000.00
2023-08-01T00:00:00Z,UNSPECIFIED,KZN,M51665,M51665-Mhlengi Community Project,289000.00
2023-08-01T00:00:00Z,UNSPECIFIED,KZN,M54684,M54684-Quest Foundation NPC,265000.00
2023-08-01T00:00:00Z,UNSPECIFIED,EC,M54796,M54796-Wilo S P S,60000.00
2023-08-01T00:00:00Z,UNSPECIFIED,FS,M54605,M54605-V EX Youth In Motion,323000.00
2023-08-01T00:00:00Z,UNSPECIFIED,FS,M54175,M54175-Ubuhlebethu Community Services NPC,158000.00
2023-08-01T00:00:00Z,UNSPECIFIED,FS,M54048,M54048-Afrika Mayibuye Entrepreneurship Hub Acceleration,487800.00
2023-08-01T00:00:00Z,UNSPECIFIED,EC,M52513,M52513-Red Lions Football Club,95000.00
2023-08-01T00:00:00Z,UNSPECIFIED,EC,M53660,M53660-Healdtown Union Cricket Club,95000.00
2023-08-01T00:00:00Z,UNSPECIFIED,EC,M53149,M53149-Young Pirates Football Club,80000.00
2023-08-01T00:00:00Z,UNSPECIFIED,EC,M51671,M51671-JV Super Stars,95000.00